{"min_": [-3.5744622551034384, -3.58114225616169, -3.5680324876802336, -3.5693304141580002, 0.0], "scale_": [4.566835639585331e-05, 4.57268279299465e-05, 4.5628764373060775e-05, 4.5612114577631816e-05, 0.0077654762151998956], "data_min_": [78270.0, 78316.0, 78197.0, 78254.0, 0.0], "data_max_": [100167.0, 100185.0, 100113.0, 100178.0, 128.77510307], "data_range_": [21897.0, 21869.0, 21916.0, 21924.0, 128.77510307], "n_features_in_": 5, "n_samples_seen_": 19001}